Date,HR,PGE,SCE,SDGE,VEA,CAISO,hour
9/1/21,1,11451.34,11391.68,2199,68.16,25110.18,00:00:00
9/1/21,2,10927.52,10891.04,2102.47,64.95,23985.98,01:00:00
9/1/21,3,10494.04,10519.43,2038.21,62.93,23114.62,02:00:00
9/1/21,4,10498.1,10363.86,2006.95,62.79,22931.7,03:00:00
9/1/21,5,10428.09,10469.98,2026.7,63.94,22988.7,04:00:00
9/1/21,6,10874.54,11018.39,2113.59,66.1,24072.61,05:00:00
9/1/21,7,11621.96,11714.71,2297.57,68.16,25702.4,06:00:00
9/1/21,8,12287.9,12139.06,2401.16,69.39,26897.49,07:00:00
9/1/21,9,12437.58,12482.17,2519.28,74.04,27513.07,08:00:00
9/1/21,10,12607.02,12809.3,2538.1,77.25,28031.67,09:00:00
9/1/21,11,12548.6,13025.3,2609.69,81.33,28264.92,10:00:00
9/1/21,12,12349.86,13415.3,2424.44,86.34,28275.95,11:00:00
9/1/21,13,12362.77,13596.38,2279.71,91.06,28329.92,12:00:00
9/1/21,14,12186.68,13737.71,2250.5,95.77,28270.66,13:00:00
9/1/21,15,12726.9,13861.95,2336.46,99.81,29025.12,14:00:00
9/1/21,16,13098.63,14543.64,2470.24,104.64,30217.15,15:00:00
9/1/21,17,13596.73,14501.9,2561.89,108.69,30769.21,16:00:00
9/1/21,18,14096.77,14674.11,2722.19,111.62,31604.69,17:00:00
9/1/21,19,14509.66,14623.96,2790.01,110.12,32033.75,18:00:00
9/1/21,20,14445.36,14599.88,2876.79,105.23,32027.25,19:00:00
9/1/21,21,14386.36,14332.06,2846.63,97.23,31662.27,20:00:00
9/1/21,22,13684.16,13733.87,2723.22,88.35,30229.59,21:00:00
9/1/21,23,12701.27,12730.29,2527.64,81.16,28040.36,22:00:00
9/1/21,24,11787.4,11819.41,2326.66,75.66,26009.13,23:00:00
9/2/21,1,11192.65,11137.5,2224.21,71.43,24625.8,00:00:00
9/2/21,2,10890.96,10557.59,2125.02,68.11,23641.68,01:00:00
9/2/21,3,10760.91,10193.22,2052.66,66.09,23072.89,02:00:00
9/2/21,4,10682.44,10092.83,2021.22,65.33,22861.81,03:00:00
9/2/21,5,10554.82,10131.2,2037.1,65.51,22788.63,04:00:00
9/2/21,6,11046.1,10627.36,2134.18,67.19,23874.82,05:00:00
9/2/21,7,11819.05,11373.62,2321.23,69.8,25583.71,06:00:00
9/2/21,8,12450.38,11862.56,2486.48,70.95,26870.36,07:00:00
9/2/21,9,12691.72,12391.35,2614.44,72.26,27769.77,08:00:00
9/2/21,10,12941.54,12766.82,2556.02,71.97,28336.35,09:00:00
9/2/21,11,12579.59,12974.62,2258.26,74.15,27886.62,10:00:00
9/2/21,12,12376.08,12893.1,2104.78,77.2,27451.16,11:00:00
9/2/21,13,12114.71,13126.23,2091.82,80.94,27413.7,12:00:00
9/2/21,14,12243.95,13539.34,2146.48,85.41,28015.17,13:00:00
9/2/21,15,12579.59,14015.34,2251.62,90.24,28936.78,14:00:00
9/2/21,16,12928.48,14862.74,2455.68,94.3,30341.2,15:00:00
9/2/21,17,13669.3,15532.94,2658.25,96.13,31956.61,16:00:00
9/2/21,18,13835.23,15659.21,2884.34,97.22,32476,17:00:00
9/2/21,19,13827.58,15330.3,2941.78,93.23,32192.89,18:00:00
9/2/21,20,13860.19,15068.57,2973.15,87.54,31989.44,19:00:00
9/2/21,21,13737.28,14635.98,2930.19,80.62,31384.07,20:00:00
9/2/21,22,13384.06,13957.97,2803.27,71.47,30216.77,21:00:00
9/2/21,23,12403.55,12884.02,2596.4,63.93,27947.91,22:00:00
9/2/21,24,11483.22,11974.52,2369.51,57.45,25884.71,23:00:00
9/3/21,1,10960.86,11098.89,2250.09,52.63,24362.47,00:00:00
9/3/21,2,10566.58,10643.29,2133.71,49.76,23393.35,01:00:00
9/3/21,3,10238.72,10260.58,2053.09,47.52,22599.91,02:00:00
9/3/21,4,10165.14,10018.17,2015.72,46.7,22245.71,03:00:00
9/3/21,5,10253,10028.82,2023.32,47.22,22352.36,04:00:00
9/3/21,6,10648.85,10470.43,2115.03,49.27,23283.57,05:00:00
9/3/21,7,11364.33,11078.85,2270.15,51.74,24765.08,06:00:00
9/3/21,8,12206.38,11410.54,2405.04,53.11,26075.07,07:00:00
9/3/21,9,12856.44,11899.09,2466.28,56.57,27278.38,08:00:00
9/3/21,10,12563,12220.74,2338.44,60.3,27182.48,09:00:00
9/3/21,11,12120.44,12757.15,2152.77,65.44,27095.8,10:00:00
9/3/21,12,11913.7,13167.94,2034.6,70.38,27186.62,11:00:00
9/3/21,13,12057.05,13916.24,2093.56,75.87,28142.72,12:00:00
9/3/21,14,11778.82,14621.39,2208.19,81.57,28689.97,13:00:00
9/3/21,15,11924.05,15289.97,2316.9,86.61,29617.52,14:00:00
9/3/21,16,12692.75,16190.72,2494.94,90.44,31468.85,15:00:00
9/3/21,17,13560.27,16724.76,2717.66,94.7,33097.39,16:00:00
9/3/21,18,14321.01,16886.54,2855.26,96.18,34158.99,17:00:00
9/3/21,19,14669.82,16412.67,2887.03,91.88,34061.4,18:00:00
9/3/21,20,14527.25,15802.52,2888.36,83.92,33302.05,19:00:00
9/3/21,21,14158.52,15142.69,2833.15,75.13,32209.49,20:00:00
9/3/21,22,13458.01,14354.62,2710.29,66.83,30589.74,21:00:00
9/3/21,23,12519.96,13141.97,2531.68,59.09,28252.69,22:00:00
9/3/21,24,11706.77,12165.29,2343.84,52.54,26268.44,23:00:00
9/4/21,1,11074,11351.65,2219.87,48.35,24693.87,00:00:00
9/4/21,2,10554.97,10618.65,2103.94,45.32,23322.89,01:00:00
9/4/21,3,10164.04,10155.42,2027.56,43.29,22390.32,02:00:00
9/4/21,4,9970.62,9856.39,1969.99,42.86,21839.87,03:00:00
9/4/21,5,9941.68,9748.78,1949.1,43.1,21682.66,04:00:00
9/4/21,6,10060.45,9762.13,1969.39,44.26,21836.23,05:00:00
9/4/21,7,10290.3,9777.07,2003.47,45.68,22116.52,06:00:00
9/4/21,8,10594.51,9788.95,2083.67,45.9,22513.03,07:00:00
9/4/21,9,11452.55,10434.54,2116.91,49.13,24053.13,08:00:00
9/4/21,10,11594.05,10808.33,2031.21,51.63,24485.22,09:00:00
9/4/21,11,11141.43,11477.52,1913.95,56.62,24589.52,10:00:00
9/4/21,12,10877.52,12375.78,1938.06,63.31,25254.67,11:00:00
9/4/21,13,10762.33,13297.53,2132.31,72.81,26264.97,12:00:00
9/4/21,14,10732.92,14338.49,2323.33,82.55,27477.29,13:00:00
9/4/21,15,11372.01,15607.06,2576.77,90.51,29646.35,14:00:00
9/4/21,16,12389.6,16643.1,2780.22,97.34,31910.26,15:00:00
9/4/21,17,13515.15,17375.46,3039.75,102.31,34032.68,16:00:00
9/4/21,18,14546.11,17660.35,3281.12,103.09,35590.67,17:00:00
9/4/21,19,15080.61,17256.05,3341.24,98.45,35776.35,18:00:00
9/4/21,20,14809.16,16441.47,3276.35,88.67,34615.64,19:00:00
9/4/21,21,14288.16,15546.8,3149.45,78.72,33063.13,20:00:00
9/4/21,22,13522.37,14540.75,2977.04,69.55,31109.7,21:00:00
9/4/21,23,12543.09,13336.07,2737.52,61.68,28678.35,22:00:00
9/4/21,24,11659.38,12270.97,2489.57,54.7,26474.63,23:00:00
9/5/21,1,10988.06,11400.56,2351.65,49.84,24790.11,00:00:00
9/5/21,2,10443.11,10660.29,2262.5,46.63,23412.52,01:00:00
9/5/21,3,10047.48,10221.04,2154,44.33,22466.85,02:00:00
9/5/21,4,9726.14,9818.48,2045.2,43.32,21633.14,03:00:00
9/5/21,5,9640.99,9551.07,1987.09,43.11,21222.26,04:00:00
9/5/21,6,9685.04,9513.55,1990.44,43.76,21232.8,05:00:00
9/5/21,7,9898.48,9475.38,1986.03,45.08,21404.98,06:00:00
9/5/21,8,10397.29,9586.25,2035.98,46.34,22065.86,07:00:00
9/5/21,9,10540.92,10256.36,2102.08,50.27,22949.63,08:00:00
9/5/21,10,10449.97,10652.59,2066.49,53.91,23222.96,09:00:00
9/5/21,11,10295.8,11693.84,2074.71,60.28,24124.64,10:00:00
9/5/21,12,10477.05,13027.5,2080.41,69.75,25654.68,11:00:00
9/5/21,13,10559.63,14405.28,2219.59,82.07,27266.56,12:00:00
9/5/21,14,10823.68,15678.1,2377.44,93.43,28972.64,13:00:00
9/5/21,15,11839.65,17063.78,2519.99,102.05,31525.47,14:00:00
9/5/21,16,13029.71,18192.94,2732.5,108.65,34063.8,15:00:00
9/5/21,17,14222.33,18779.73,2958.97,113.53,36074.57,16:00:00
9/5/21,18,15329.36,18945.3,3176.92,114.06,37565.64,17:00:00
9/5/21,19,15698.58,18419.59,3217.37,108.34,37443.88,18:00:00
9/5/21,20,15304.73,17692.23,3164.33,97.19,36258.48,19:00:00
9/5/21,21,14694.91,16740.23,3062.45,85.62,34583.21,20:00:00
9/5/21,22,13867.18,15641.42,2926.25,75.9,32510.74,21:00:00
9/5/21,23,12746.16,14449.9,2735.56,67.28,29998.89,22:00:00
9/5/21,24,11834.12,13172.64,2514.13,59.51,27580.41,23:00:00
9/6/21,1,11111.1,12295.98,2400.73,53.69,25861.51,00:00:00
9/6/21,2,10513.81,11601.74,2245.76,49.74,24411.05,01:00:00
9/6/21,3,10113.04,11081.17,2156.48,47.55,23398.25,02:00:00
9/6/21,4,9894.34,10557.22,2101.53,46.35,22599.42,03:00:00
9/6/21,5,9811.18,10317.19,2092.58,46,22266.94,04:00:00
9/6/21,6,9967.36,10347.77,2117.77,47.15,22480.05,05:00:00
9/6/21,7,10297.5,10416.57,2163.87,47.91,22925.84,06:00:00
9/6/21,8,10953.16,10468.57,2224.74,49.86,23696.33,07:00:00
9/6/21,9,11613.93,11170.84,2250.05,55.38,25090.21,08:00:00
9/6/21,10,11596.37,11793.69,2221.87,61.3,25673.23,09:00:00
9/6/21,11,11603.07,12796.28,2234.48,70.41,26704.23,10:00:00
9/6/21,12,11846.47,13966.67,2268.64,81.76,28163.57,11:00:00
9/6/21,13,12269.95,15218.83,2328.15,94.74,29911.67,12:00:00
9/6/21,14,13254.74,16116.07,2467.14,105.17,31943.11,13:00:00
9/6/21,15,14443.7,17154.76,2622.58,112.93,34333.97,14:00:00
9/6/21,16,15733.07,17985.41,2789.59,118.1,36626.18,15:00:00
9/6/21,17,16825.07,18493.82,2943.31,121.75,38383.95,16:00:00
9/6/21,18,17775.66,18558.79,3112.43,121.83,39568.72,17:00:00
9/6/21,19,18100.97,17782.38,3114.98,116.54,39114.87,18:00:00
9/6/21,20,17614.93,17035.92,3120.46,105.92,37877.22,19:00:00
9/6/21,21,16884.69,16250.89,3051.13,93.57,36280.28,20:00:00
9/6/21,22,15747.33,15255.66,2903.89,82.28,33989.16,21:00:00
9/6/21,23,14127.65,13987.14,2675.36,72.79,30862.94,22:00:00
9/6/21,24,12905.85,12920.13,2480.87,63.86,28370.72,23:00:00
9/7/21,1,12025.74,11920.19,2352.4,57.2,26355.53,00:00:00
9/7/21,2,11456.53,11317.75,2200.31,53.05,25027.64,01:00:00
9/7/21,3,11111.7,10880.12,2134.48,49.94,24176.25,02:00:00
9/7/21,4,10835.3,10663.33,2103.37,48.65,23650.63,03:00:00
9/7/21,5,10858.76,10781.07,2092.49,49.18,23781.49,04:00:00
9/7/21,6,11291.03,11268.91,2202.69,51.67,24814.3,05:00:00
9/7/21,7,12077.57,11995.7,2407.02,55.17,26535.47,06:00:00
9/7/21,8,12647.61,12697.59,2572.26,57.36,27974.82,07:00:00
9/7/21,9,13004.57,13675.45,2710.24,62.62,29452.89,08:00:00
9/7/21,10,13100.25,14226.1,2632.87,69.42,30028.63,09:00:00
9/7/21,11,13412.39,14969.76,2453.11,79.01,30914.27,10:00:00
9/7/21,12,13778.14,15738.07,2469.01,89.93,32075.14,11:00:00
9/7/21,13,14442.29,16559.37,2425.9,102.08,33529.63,12:00:00
9/7/21,14,15319.46,17597.24,2633.8,112.54,35663.03,13:00:00
9/7/21,15,16162.57,18916.68,2876.77,119.66,38075.69,14:00:00
9/7/21,16,17216.29,19875.15,3186.86,124.43,40402.73,15:00:00
9/7/21,17,18191.04,20250.56,3346.25,128.3,41916.15,16:00:00
9/7/21,18,18744.94,20062.21,3408.96,128.81,42344.93,17:00:00
9/7/21,19,18760.57,19167.62,3399.07,123.62,41450.88,18:00:00
9/7/21,20,18210.3,18432.41,3341.73,112.14,40096.48,19:00:00
9/7/21,21,17416.16,17531.95,3230.8,99.22,38278.14,20:00:00
9/7/21,22,16320.93,16517.75,3156.02,87.78,36082.48,21:00:00
9/7/21,23,14842.43,15059.19,2911.37,77.09,32890.08,22:00:00
9/7/21,24,13576.48,13796.68,2650.08,67.62,30090.85,23:00:00
9/8/21,1,12761.77,12788.27,2509.7,60.46,28120.19,00:00:00
9/8/21,2,12025.58,12075.41,2368.09,55.73,26524.81,01:00:00
9/8/21,3,11700.35,11641.04,2251.81,51.96,25645.16,02:00:00
9/8/21,4,11318.1,11291.76,2262.42,50.8,24923.08,03:00:00
9/8/21,5,11251.55,11230.58,2197.09,51.41,24730.62,04:00:00
9/8/21,6,11642.96,11549.07,2245.07,53.72,25490.81,05:00:00
9/8/21,7,12457.29,12208.24,2401.15,56.25,27122.93,06:00:00
9/8/21,8,12929.58,12679.14,2505.21,58.11,28172.04,07:00:00
9/8/21,9,13242.08,13575.02,2510.66,63.64,29391.4,08:00:00
9/8/21,10,13440.27,14017.69,2480.66,70.54,30009.16,09:00:00
9/8/21,11,13792.59,14742.43,2400.57,80.57,31016.17,10:00:00
9/8/21,12,14387.65,15477.01,2388.17,92.65,32345.47,11:00:00
9/8/21,13,15211.42,16564.41,2534.26,104.68,34414.77,12:00:00
9/8/21,14,16206.26,17592.58,2753.66,113.61,36666.11,13:00:00
9/8/21,15,17395.64,18676.94,3001.17,121.81,39195.56,14:00:00
9/8/21,16,18550.95,19701.28,3306.59,126.96,41685.78,15:00:00
9/8/21,17,19308.3,20203.81,3583.9,130.16,43226.17,16:00:00
9/8/21,18,19843.99,20198.77,3616.89,129.61,43789.26,17:00:00
9/8/21,19,19647.1,19553.9,3535.43,122.82,42859.26,18:00:00
9/8/21,20,18780.42,18881.33,3437.38,111.63,41210.76,19:00:00
9/8/21,21,17778.3,18049.63,3303.08,101.37,39232.38,20:00:00
9/8/21,22,16545.13,16825.3,3117.98,93.25,36581.65,21:00:00
9/8/21,23,15012.77,15353.22,2911.08,83.91,33360.98,22:00:00
9/8/21,24,13662.55,13951.67,2728.95,76.36,30419.53,23:00:00
9/9/21,1,12797.84,13044.77,2484.63,70.63,28397.87,00:00:00
9/9/21,2,12106.6,12242.8,2439.82,65.9,26855.12,01:00:00
9/9/21,3,11673.61,11879.95,2374.21,62.62,25990.39,02:00:00
9/9/21,4,11371.05,11571.13,2259.27,60.79,25262.24,03:00:00
9/9/21,5,11462.63,11588.37,2216.2,60.44,25327.64,04:00:00
9/9/21,6,11785.8,12008.59,2253.34,61.35,26109.08,05:00:00
9/9/21,7,12634.16,12681.52,2405.94,64.13,27785.74,06:00:00
9/9/21,8,13121.28,13230.82,2582.05,67.85,29002.01,07:00:00
9/9/21,9,13448.88,14296.17,2734.12,75.67,30554.84,08:00:00
9/9/21,10,13614.12,15097.27,2688.06,84.66,31484.11,09:00:00
9/9/21,11,13889.35,16056.75,2615.75,94.91,32656.77,10:00:00
9/9/21,12,14151.95,17285.23,2697.57,104.44,34239.19,11:00:00
9/9/21,13,14951.57,18464.82,2858.54,110.58,36385.5,12:00:00
9/9/21,14,15799.19,19501.21,3074,116.45,38490.85,13:00:00
9/9/21,15,16649.42,20672.62,3310.7,119.66,40752.4,14:00:00
9/9/21,16,17496.16,21405.84,3531.89,124.43,42558.33,15:00:00
9/9/21,17,18013.16,21287.67,3687.74,128.3,43116.88,16:00:00
9/9/21,18,18242.87,21080.73,3779.97,128.81,43232.38,17:00:00
9/9/21,19,17961.09,20048.51,3694.61,123.62,41827.83,18:00:00
9/9/21,20,17494.81,19311.08,3622.91,112.14,40540.94,19:00:00
9/9/21,21,16769.41,18370.8,3477.56,99.22,38717,20:00:00
9/9/21,22,15801.76,17328.81,3307.12,87.78,36525.47,21:00:00
9/9/21,23,14451.25,16024.09,3020.7,77.09,33573.13,22:00:00
9/9/21,24,13337.36,14581.55,2755.06,67.62,30741.59,23:00:00
9/10/21,1,12538.74,13340.5,2639.46,62.71,28581.41,00:00:00
9/10/21,2,11985.63,12664.14,2502.52,58.06,27210.34,01:00:00
9/10/21,3,11366.07,12090.17,2451.78,55.26,25963.28,02:00:00
9/10/21,4,11228.7,11757.1,2385.56,53.9,25425.26,03:00:00
9/10/21,5,11285.08,11680.06,2340.04,53.78,25358.96,04:00:00
9/10/21,6,11682.22,12116.34,2412.04,55.61,26266.21,05:00:00
9/10/21,7,12602,12872.95,2494.23,58.55,28027.73,06:00:00
9/10/21,8,13127.14,13461.05,2621.75,61.37,29271.3,07:00:00
9/10/21,9,13472.95,14499.92,2871.26,67.81,30911.94,08:00:00
9/10/21,10,13317.75,15235.25,2762.86,73.04,31388.9,09:00:00
9/10/21,11,13115.77,16028.36,2717.29,79.9,31941.32,10:00:00
9/10/21,12,13029.91,17125.94,2773.03,88.97,33017.86,11:00:00
9/10/21,13,12998.95,17920.07,2856.96,95.31,33871.29,12:00:00
9/10/21,14,13312.74,19374.32,3096.84,100.03,35883.93,13:00:00
9/10/21,15,13960.18,20085.43,3299.57,101.03,37446.21,14:00:00
9/10/21,16,14724.95,20552.43,3486.54,102.13,38866.05,15:00:00
9/10/21,17,15443.67,20651.52,3638.12,105.01,39838.31,16:00:00
9/10/21,18,16026.69,20290.82,3668.76,98.48,40084.75,17:00:00
9/10/21,19,16212.21,19312.66,3561.35,88.12,39174.35,18:00:00
9/10/21,20,15797.94,18508.08,3440.95,83.62,37830.59,19:00:00
9/10/21,21,15278.73,17626.34,3373.28,78.21,36356.56,20:00:00
9/10/21,22,14514.41,16646.99,3143.66,72.33,34377.39,21:00:00
9/10/21,23,13609.39,15329.53,2914.19,67.45,31920.56,22:00:00
9/10/21,24,12643.74,14094.45,2690.56,62.03,29490.78,23:00:00
9/11/21,1,12033.04,13331.99,2526.21,56.93,27948.18,00:00:00
9/11/21,2,11671.12,12259.7,2357.52,53.06,26341.41,01:00:00
9/11/21,3,11276.05,11759.09,2242.18,49.86,25327.18,02:00:00
9/11/21,4,11009.86,11355.89,2167.56,48.27,24581.59,03:00:00
9/11/21,5,10892.07,11142.57,2250.07,47.13,24331.84,04:00:00
9/11/21,6,11024.12,11218.95,2180.38,46.64,24470.08,05:00:00
9/11/21,7,11308.71,11221.97,2166.06,47.17,24743.91,06:00:00
9/11/21,8,11347.96,11350.81,2244.8,53.9,24997.48,07:00:00
9/11/21,9,11275.09,12328.53,2313.89,67.39,25984.91,08:00:00
9/11/21,10,11071.82,13147.09,2329.5,76.46,26624.87,09:00:00
9/11/21,11,10970.6,14105.13,2416.94,83.2,27575.87,10:00:00
9/11/21,12,11041.98,14824.99,2531.31,88.26,28486.54,11:00:00
9/11/21,13,11403.84,16089.15,2707.08,92.68,30292.75,12:00:00
9/11/21,14,12030.08,17272.24,2961.52,97.98,32361.82,13:00:00
9/11/21,15,12859.76,18300.15,3053.15,101.41,34314.46,14:00:00
9/11/21,16,13460.3,19014.06,3258.23,104.05,35836.64,15:00:00
9/11/21,17,14403.99,19255.87,3426.51,104.34,37190.72,16:00:00
9/11/21,18,15180.13,19221.79,3597.45,98.96,38098.34,17:00:00
9/11/21,19,15636.9,18478.94,3591.02,87.33,37794.2,18:00:00
9/11/21,20,15273.21,17689.71,3506.62,79.23,36548.81,19:00:00
9/11/21,21,14681.45,16795.78,3353.61,71.74,34902.57,20:00:00
9/11/21,22,13895.44,15843.11,3174.51,63.83,32976.88,21:00:00
9/11/21,23,12928.45,14535,2931.19,57.1,30451.74,22:00:00
9/11/21,24,12062.81,13453.95,2678.92,51.81,28247.48,23:00:00
9/12/21,1,11493.37,12395.03,2497.09,47.26,26432.75,00:00:00
9/12/21,2,11097.7,11694.79,2337.99,44.04,25174.51,01:00:00
9/12/21,3,10926.69,11155.98,2224.58,42,24349.25,02:00:00
9/12/21,4,10747.22,10695.06,2142.9,41.26,23626.44,03:00:00
9/12/21,5,10607.37,10368.87,2129.25,40.58,23146.07,04:00:00
9/12/21,6,10640.41,10281.05,2117.35,41.21,23080.01,05:00:00
9/12/21,7,10790.05,10209.72,2080.97,41.88,23122.62,06:00:00
9/12/21,8,10930.42,10230.93,2197.88,47.51,23406.75,07:00:00
9/12/21,9,10631.09,10979,2310.23,51.19,23971.51,08:00:00
9/12/21,10,10809,11479.21,2225.03,67.57,24580.82,09:00:00
9/12/21,11,10825.34,12479.62,2252.18,75.78,25632.93,10:00:00
9/12/21,12,10438.5,13557.26,2284.38,83.98,26364.13,11:00:00
9/12/21,13,10822.56,14496.89,2441.72,91.15,27852.33,12:00:00
9/12/21,14,11654.05,15576.2,2675.63,97.33,30003.2,13:00:00
9/12/21,15,12803.17,16928.21,2756.29,100.92,32588.6,14:00:00
9/12/21,16,13655.57,17521.7,2963.96,103.05,34244.29,15:00:00
9/12/21,17,14595.46,17946.47,3172.92,104.14,35819,16:00:00
9/12/21,18,15605.49,18126.45,3384.53,99.62,37216.09,17:00:00
9/12/21,19,16042.4,17573.56,3399.24,87.42,37102.62,18:00:00
9/12/21,20,15687.17,16853.27,3320.11,78.25,35938.79,19:00:00
9/12/21,21,15049.45,15907.72,3171.42,71.53,34200.11,20:00:00
9/12/21,22,14098.67,14844.26,2979.98,63.83,31986.74,21:00:00
9/12/21,23,12920.49,13546.15,2706.84,57.15,29230.63,22:00:00
9/12/21,24,11769.03,12321.11,2519.16,51.07,26660.37,23:00:00
9/13/21,1,11343.19,11567.4,2509.03,46,25465.62,00:00:00
9/13/21,2,11203.46,10904.32,2368.19,42.66,24518.63,01:00:00
9/13/21,3,10822.32,10356.82,2187.7,40.04,23406.89,02:00:00
9/13/21,4,10644.7,10117.39,2106.32,39.05,22907.47,03:00:00
9/13/21,5,10762.63,10138.72,2057.83,39.43,22998.62,04:00:00
9/13/21,6,11276.46,10664.29,2164.82,41.39,24146.96,05:00:00
9/13/21,7,12235.58,11323.37,2323.14,44.26,25926.36,06:00:00
9/13/21,8,12726.81,11741.76,2428.3,52.96,26949.83,07:00:00
9/13/21,9,12745.6,12555.35,2368.16,61.22,27730.33,08:00:00
9/13/21,10,13086.09,12447.15,2267.37,66.96,27867.57,09:00:00
9/13/21,11,13536.45,12793.25,2237.36,75.52,28642.58,10:00:00
9/13/21,12,12881.66,14585.04,2300.7,83.43,29850.84,11:00:00
9/13/21,13,13463.35,15554.4,2487.6,91.02,31596.37,12:00:00
9/13/21,14,14032.98,16598.43,2580.15,98.52,33310.08,13:00:00
9/13/21,15,14504.37,17632.2,2760.28,104.27,35001.12,14:00:00
9/13/21,16,15583.68,18600.17,2963.86,108.16,37255.88,15:00:00
9/13/21,17,16533.24,18982.73,3141.39,110.73,38768.09,16:00:00
9/13/21,18,17281.43,18830.94,3278.4,110.27,39501.05,17:00:00
9/13/21,19,17344.33,17924.73,3232.51,104.69,38606.25,18:00:00
9/13/21,20,16799.16,17121.61,3188.61,96.44,37205.82,19:00:00
9/13/21,21,15899.35,16158.15,3036.68,85.09,35179.27,20:00:00
9/13/21,22,14771.71,14986.95,2862.9,74.97,32696.52,21:00:00
9/13/21,23,13382.05,13752.33,2623.73,65.63,29823.73,22:00:00
9/13/21,24,12261.9,12561.82,2385.94,58.74,27268.41,23:00:00
9/14/21,1,11493.31,11541.99,2242.11,53.73,25331.13,00:00:00
9/14/21,2,10973.4,10934.46,2136.82,50.67,24095.35,01:00:00
9/14/21,3,10559.49,10464.25,2072.6,48.19,23144.53,02:00:00
9/14/21,4,10357.43,10131.13,2018.27,46.87,22553.69,03:00:00
9/14/21,5,10396.76,10246.26,2032.47,47.41,22722.91,04:00:00
9/14/21,6,10889.47,10649.34,2124.18,50.89,23713.88,05:00:00
9/14/21,7,11790.43,11318.51,2304.82,53.72,25467.48,06:00:00
9/14/21,8,12342.64,11651.38,2425.1,54.16,26473.28,07:00:00
9/14/21,9,12497.85,12193.08,2511.56,57.13,27259.62,08:00:00
9/14/21,10,12378.62,12472.39,2324.28,60.43,27235.73,09:00:00
9/14/21,11,12346.63,12962.91,2184.76,67.32,27561.62,10:00:00
9/14/21,12,12345.78,13660.37,2144.72,75.56,28226.43,11:00:00
9/14/21,13,12778.36,14354.11,2194.08,85.42,29411.96,12:00:00
9/14/21,14,13692.98,15049.7,2308.09,93.36,31144.13,13:00:00
9/14/21,15,14593.03,15998.3,2442.21,100.67,33134.22,14:00:00
9/14/21,16,15644.14,16902.6,2606.22,106.27,35259.23,15:00:00
9/14/21,17,16519.69,17330.37,2782.77,110.09,36742.92,16:00:00
9/14/21,18,17200.45,17247.58,2941.26,109.49,37498.78,17:00:00
9/14/21,19,17269.09,16589.7,2972.83,103.56,36935.18,18:00:00
9/14/21,20,16505.93,16102.63,2980.8,93.42,35682.78,19:00:00
9/14/21,21,15661.93,15282.5,2870.06,82.43,33896.91,20:00:00
9/14/21,22,14594.64,14441.73,2714.89,72.77,31824.03,21:00:00
9/14/21,23,13301.3,13244.46,2497.2,64.4,29107.36,22:00:00
9/14/21,24,12181.71,12246.95,2298.41,56.76,26783.83,23:00:00
9/15/21,1,11461.28,11377.27,2207.71,51.97,25098.23,00:00:00
9/15/21,2,10926.05,10790.76,2111.1,48.51,23876.42,01:00:00
9/15/21,3,10571.27,10319.23,2032.09,46.63,22969.23,02:00:00
9/15/21,4,10357.66,10152.14,2007.45,45.74,22562.97,03:00:00
9/15/21,5,10419.28,10176.59,2024.9,46.34,22667.11,04:00:00
9/15/21,6,10879.82,10586.72,2136.54,49.53,23652.62,05:00:00
9/15/21,7,11757.55,11294.77,2271.75,52.24,25376.3,06:00:00
9/15/21,8,12242.84,11554.49,2378.49,52.51,26228.32,07:00:00
9/15/21,9,12143.51,12198.91,2445.86,54.84,26843.13,08:00:00
9/15/21,10,11830.47,12484.52,2266.72,57.19,26638.9,09:00:00
9/15/21,11,11526.5,12782.8,2036.21,63.6,26409.11,10:00:00
9/15/21,12,11590.92,13210.14,2014.06,70.64,26885.76,11:00:00
9/15/21,13,11834.69,13565.5,2016.11,80.06,27496.36,12:00:00
9/15/21,14,12405.06,14033.22,2126.19,90.11,28654.59,13:00:00
9/15/21,15,13046.9,15161.77,2297.69,98.05,30604.41,14:00:00
9/15/21,16,13806.35,15858.03,2499.88,103.11,32267.36,15:00:00
9/15/21,17,14549.42,16308.58,2744.63,105.55,33708.18,16:00:00
9/15/21,18,15288.24,16338.16,2858.23,104.7,34589.33,17:00:00
9/15/21,19,15581.31,15764.18,2898,99.26,34342.75,18:00:00
9/15/21,20,15343.97,15374.32,2918.68,90.66,33727.64,19:00:00
9/15/21,21,14701.75,14690.13,2827.37,80.45,32299.71,20:00:00
9/15/21,22,13927.24,13854.97,2665.11,71.57,30518.89,21:00:00
9/15/21,23,12847.74,12810.31,2455.85,63.8,28177.72,22:00:00
9/15/21,24,11775.58,11759.14,2265.29,57.49,25857.51,23:00:00
9/16/21,1,11130.46,10980.27,2181.07,53,24344.8,00:00:00
9/16/21,2,10661.95,10494.87,2218.77,49.87,23425.45,01:00:00
9/16/21,3,10561.01,10072.15,2181.59,47.29,22862.04,02:00:00
9/16/21,4,10404.51,9950.31,2157.26,46.46,22558.55,03:00:00
9/16/21,5,10387.26,9999.54,2021.87,46.7,22455.37,04:00:00
9/16/21,6,10750.25,10403.07,2108.35,50.24,23311.91,05:00:00
9/16/21,7,11624.83,11108.19,2267.92,54.52,25055.47,06:00:00
9/16/21,8,12071.3,11473.41,2337.03,55.32,25937.06,07:00:00
9/16/21,9,12049.23,12080.11,2336.12,57.44,26522.9,08:00:00
9/16/21,10,12131.95,12098.7,2150.36,59.81,26440.82,09:00:00
9/16/21,11,11975.8,12107,2016.21,64.76,26163.78,10:00:00
9/16/21,12,11434.62,12386.44,1984.94,70.92,25876.92,11:00:00
9/16/21,13,11114.05,12748.41,1980.8,77.88,25921.14,12:00:00
9/16/21,14,11204.86,13137.63,2023.02,84.4,26449.91,13:00:00
9/16/21,15,11597.12,13630.03,2145.29,90.01,27462.45,14:00:00
9/16/21,16,12263.96,14274.72,2353.64,93.47,28985.8,15:00:00
9/16/21,17,13106.32,14775.29,2502.97,96.77,30481.34,16:00:00
9/16/21,18,13969.98,15023.04,2692.93,96.93,31782.88,17:00:00
9/16/21,19,14525.5,14679.48,2767.55,92.05,32064.57,18:00:00
9/16/21,20,14464.93,14532.69,2829.34,84.68,31911.63,19:00:00
9/16/21,21,13990.09,14012.59,2734.1,76.2,30812.97,20:00:00
9/16/21,22,13301.04,13340,2601.93,67.1,29310.08,21:00:00
9/16/21,23,12284.44,12298.06,2396.7,58.86,27038.07,22:00:00
9/16/21,24,11415.14,11391.7,2211.17,52.58,25070.59,23:00:00
9/17/21,1,10868.1,10770.79,2123.17,48.03,23810.1,00:00:00
9/17/21,2,10458.1,10244.31,2037.07,44.85,22784.34,01:00:00
9/17/21,3,10146.73,9873.62,1970.25,43.14,22033.75,02:00:00
9/17/21,4,10079.37,9686.01,1929.2,43.05,21737.62,03:00:00
9/17/21,5,10156.67,9785.88,1947.12,44,21933.67,04:00:00
9/17/21,6,10610.03,10213.57,2041.41,46.71,22911.71,05:00:00
9/17/21,7,11437.92,10912.07,2221.01,49.4,24620.39,06:00:00
9/17/21,8,11943.42,11302.41,2368.1,49.82,25663.75,07:00:00
9/17/21,9,11747.34,11790.25,2591.56,52.32,26181.47,08:00:00
9/17/21,10,11369.74,11817.3,2446.7,52.73,25686.47,09:00:00
9/17/21,11,11052.15,11942.73,2152.38,56.07,25203.33,10:00:00
9/17/21,12,11064.94,12176.95,2003.35,56.52,25301.77,11:00:00
9/17/21,13,11071.52,12520.29,1950.76,63.01,25605.59,12:00:00
9/17/21,14,11138.48,12956.15,1986.94,69.53,26151.09,13:00:00
9/17/21,15,11520.95,13298.56,2074.96,75.13,26969.6,14:00:00
9/17/21,16,12203.33,14113.34,2257.24,82.17,28656.08,15:00:00
9/17/21,17,12941.66,14583.88,2463.91,82.92,30072.36,16:00:00
9/17/21,18,13673.35,14698.62,2627.29,83.18,31082.45,17:00:00
9/17/21,19,14051.26,14326.65,2696.76,80.65,31155.32,18:00:00
9/17/21,20,14056.98,14204.98,2767.54,77.51,31107.01,19:00:00
9/17/21,21,13623.42,13640.09,2689.91,72.04,30025.47,20:00:00
9/17/21,22,13004.21,13049.65,2579.84,66.29,28699.99,21:00:00
9/17/21,23,12227.82,12294.74,2406.86,60.6,26990.01,22:00:00
9/17/21,24,11415.42,11533.98,2226.72,54.65,25230.77,23:00:00
9/18/21,1,10865.34,10854.8,2134.09,50.85,23905.08,00:00:00
9/18/21,2,10396.27,10323.3,2031.8,47.79,22799.16,01:00:00
9/18/21,3,10114.18,9998.83,1950.62,45.73,22109.36,02:00:00
9/18/21,4,9949.3,9787.58,1899.14,44.86,21680.89,03:00:00
9/18/21,5,9910.9,9744.79,1888.36,45.07,21589.12,04:00:00
9/18/21,6,10072.61,9875.38,1925.09,47.02,21920.1,05:00:00
9/18/21,7,10489.18,10086.95,1976.25,49.14,22601.51,06:00:00
9/18/21,8,10691.26,10104.04,2044.73,50.74,22890.77,07:00:00
9/18/21,9,10630.4,10191.82,2124.13,56.12,23002.48,08:00:00
9/18/21,10,10552.08,10276.51,1982.26,58.62,22869.47,09:00:00
9/18/21,11,10612.47,10457.49,1764.01,60.07,22894.05,10:00:00
9/18/21,12,10281.26,10403.4,1615.47,64.45,22364.58,11:00:00
9/18/21,13,10290.17,10769.87,1635.13,70.19,22765.35,12:00:00
9/18/21,14,10444.56,11195.79,1656.78,74.53,23371.66,13:00:00
9/18/21,15,10577.8,11905.38,1794.39,78.09,24355.67,14:00:00
9/18/21,16,10750.97,12902.71,1965.84,82.51,25702.04,15:00:00
9/18/21,17,11416.88,12975.94,2259.1,83.51,26735.44,16:00:00
9/18/21,18,12182.05,13213.06,2459.33,81.79,27936.23,17:00:00
9/18/21,19,12819.95,13129.28,2574.71,76.54,28600.47,18:00:00
9/18/21,20,12987.04,13033.42,2633.63,71.35,28725.44,19:00:00
9/18/21,21,12765.89,12580.06,2567.99,65.13,27979.06,20:00:00
9/18/21,22,12401.89,12085.51,2464.95,58.77,27011.12,21:00:00
9/18/21,23,11822.55,11384.32,2303.84,53.14,25563.84,22:00:00
9/18/21,24,11054.86,10692.44,2155.56,48.93,23951.8,23:00:00
9/19/21,1,10554.05,10109.33,2052.42,45.82,22761.62,00:00:00
9/19/21,2,10137.95,9630.35,1961.39,43.54,21773.23,01:00:00
9/19/21,3,9808.08,9282.19,1906.7,41.9,21038.87,02:00:00
9/19/21,4,9653.22,9047.08,1879.48,41.41,20621.19,03:00:00
9/19/21,5,9589.39,8932.88,1826.5,41.7,20390.47,04:00:00
9/19/21,6,9663.27,9031.54,1844.29,43.35,20582.45,05:00:00
9/19/21,7,9912.4,9087.58,1872.08,45.31,20917.36,06:00:00
9/19/21,8,9956.97,8986.99,1939.54,45.39,20928.89,07:00:00
9/19/21,9,10084.71,9362.68,2036.8,47.24,21531.42,08:00:00
9/19/21,10,9871.48,9534.26,1778.13,50.13,21234,09:00:00
9/19/21,11,9807.82,9740.65,1619.54,53.61,21221.63,10:00:00
9/19/21,12,9731.03,9795.5,1445.95,59.29,21031.78,11:00:00
9/19/21,13,9511.56,10077.35,1430.92,65.04,21084.87,12:00:00
9/19/21,14,9750.85,10452.36,1506.33,69.85,21779.4,13:00:00
9/19/21,15,10378.01,10924.9,1656.42,74.5,23033.83,14:00:00
9/19/21,16,10910.67,11681.41,1822.19,79.33,24493.6,15:00:00
9/19/21,17,11403.66,12484.24,2072.63,83.24,26043.77,16:00:00
9/19/21,18,11844.91,12948.16,2402.48,84.34,27279.88,17:00:00
9/19/21,19,12593.96,12987.96,2574.77,80.41,28237.1,18:00:00
9/19/21,20,12860.89,13077.2,2653.37,76.66,28668.13,19:00:00
9/19/21,21,12664.37,12647.64,2572.17,69.64,27953.81,20:00:00
9/19/21,22,12141.49,12174.39,2448.66,62.63,26827.17,21:00:00
9/19/21,23,11357.77,11332.07,2270.16,55.34,25015.34,22:00:00
9/19/21,24,10603.2,10561.04,2100.64,50.12,23314.99,23:00:00
9/20/21,1,10099.13,10093.22,2012.84,46.67,22251.86,00:00:00
9/20/21,2,9740.94,9665.75,1935,43.34,21385.03,01:00:00
9/20/21,3,9582.63,9397.96,2010.91,41.64,21033.14,02:00:00
9/20/21,4,9392.15,9306.07,1996.7,41.53,20736.46,03:00:00
9/20/21,5,9527.44,9425.64,1905.2,43.39,20901.67,04:00:00
9/20/21,6,10037.98,9986.17,1967.51,46.2,22037.86,05:00:00
9/20/21,7,11035.09,10728.28,2126.13,50.64,23940.13,06:00:00
9/20/21,8,11621.38,11061.82,2217.98,51.35,24952.53,07:00:00
9/20/21,9,11553.36,11652.37,2331.25,52.45,25589.42,08:00:00
9/20/21,10,11188.11,11956.36,2147.91,53.27,25345.65,09:00:00
9/20/21,11,11090.56,12225.3,2007.29,56.67,25379.82,10:00:00
9/20/21,12,11492.27,12647.93,1979.97,61.26,26181.43,11:00:00
9/20/21,13,11526.55,13301.03,2029.99,67.74,26925.3,12:00:00
9/20/21,14,11744,13919.85,2010.53,74.13,27748.51,13:00:00
9/20/21,15,12292.54,14520.77,2195.48,80.09,29088.88,14:00:00
9/20/21,16,12957.21,15502.33,2484.46,84.68,31028.68,15:00:00
9/20/21,17,14027.77,16127.49,2648.3,87.78,32891.33,16:00:00
9/20/21,18,14990.63,16264.59,2854.59,87.19,34196.99,17:00:00
9/20/21,19,15401.89,15743.86,2914.17,83.51,34143.44,18:00:00
9/20/21,20,15213.42,15517.2,2950.53,77.78,33758.93,19:00:00
9/20/21,21,14594.48,14900.53,2837.21,70.46,32402.68,20:00:00
9/20/21,22,13741.15,14097.65,2674.6,62.76,30576.16,21:00:00
9/20/21,23,12625.58,12925.55,2502.63,55.7,28109.46,22:00:00
9/20/21,24,11703.76,11898.83,2349.45,50.29,26002.34,23:00:00
9/21/21,1,11066.01,11195.65,2175.53,47.09,24484.28,00:00:00
9/21/21,2,10745.5,10673.99,2070.51,44.44,23534.44,01:00:00
9/21/21,3,10392.12,10325.12,2165.57,42.85,22925.66,02:00:00
9/21/21,4,10179.55,10143.47,2059.36,42.27,22424.65,03:00:00
9/21/21,5,10286.7,10174.71,1949.06,43.49,22453.96,04:00:00
9/21/21,6,10706.62,10589.61,2056.45,47.78,23400.46,05:00:00
9/21/21,7,11691.78,11307.23,2204.84,51.29,25255.14,06:00:00
9/21/21,8,12211.41,11533.54,2266.84,50.91,26062.69,07:00:00
9/21/21,9,12173.12,12274.77,2289.07,51.32,26788.28,08:00:00
9/21/21,10,12240.45,12986.21,2293.5,52.1,27572.26,09:00:00
9/21/21,11,12122.02,13748.23,2457.7,54.24,28382.19,10:00:00
9/21/21,12,12114.64,14785.06,2534.5,58.15,29492.34,11:00:00
9/21/21,13,12519.49,16001.91,2718.16,63.82,31303.38,12:00:00
9/21/21,14,13204.4,17364.86,2926.32,72.18,33567.76,13:00:00
9/21/21,15,14130.68,18506.04,3195.44,79.65,35911.81,14:00:00
9/21/21,16,15331.11,19692,3465.11,85.31,38573.53,15:00:00
9/21/21,17,16284.83,20215.8,3624.88,89.46,40214.96,16:00:00
9/21/21,18,16894.43,20069.04,3709.31,89.95,40762.72,17:00:00
9/21/21,19,16887.44,19063.15,3644.16,85.2,39679.95,18:00:00
9/21/21,20,16552.81,18313.11,3551,78.5,38495.41,19:00:00
9/21/21,21,15766.99,17248.38,3369.11,70.73,36455.2,20:00:00
9/21/21,22,14743.43,16036.7,3146.81,63.09,33990.03,21:00:00
9/21/21,23,13544.2,14541.34,2850.52,56.21,30992.27,22:00:00
9/21/21,24,12457.76,13316.85,2588.75,50.48,28413.84,23:00:00
9/22/21,1,11671.64,12236.65,2412.71,47.12,26368.12,00:00:00
9/22/21,2,11084.71,11517.84,2270.84,44.58,24917.98,01:00:00
9/22/21,3,10732.91,10992.81,2157.81,42.86,23926.39,02:00:00
9/22/21,4,10577.05,10710.45,2106.33,43.12,23436.94,03:00:00
9/22/21,5,10681.78,10721.49,2103.48,44.5,23551.25,04:00:00
9/22/21,6,11064.1,11150.18,2194.14,47.45,24455.88,05:00:00
9/22/21,7,11880.29,11859.73,2348.66,50.88,26139.55,06:00:00
9/22/21,8,12445.89,12237.2,2422.59,50.86,27156.54,07:00:00
9/22/21,9,12398.62,13216.38,2484.39,51.85,28151.25,08:00:00
9/22/21,10,12317.15,14093.68,2672.65,52.13,29135.6,09:00:00
9/22/21,11,12272.84,14980.7,2680.22,55.5,29989.27,10:00:00
9/22/21,12,12454.51,16197.39,2601.66,60.91,31314.47,11:00:00
9/22/21,13,12974.82,17574.45,2919.4,68.83,33537.51,12:00:00
9/22/21,14,13685.19,18720.49,3261.99,77.75,35745.43,13:00:00
9/22/21,15,14450.36,19717.91,3547.87,85.87,37802.01,14:00:00
9/22/21,16,15230.85,20428.65,3697.06,91.03,39447.6,15:00:00
9/22/21,17,16076.12,20094.56,3682.98,94.1,39947.77,16:00:00
9/22/21,18,16659.68,19555.49,3685.88,94.52,39995.57,17:00:00
9/22/21,19,16640.78,18493.81,3573.3,89.19,38797.08,18:00:00
9/22/21,20,16162.79,17915.53,3484.93,82.65,37645.9,19:00:00
9/22/21,21,15334.23,16912.85,3319.84,75.56,35642.48,20:00:00
9/22/21,22,14438.82,15797.51,3111.89,67.49,33415.71,21:00:00
9/22/21,23,13227.52,14476.22,2914.76,59.66,30678.16,22:00:00
9/22/21,24,12086.25,13245.02,2651.19,53.26,28035.73,23:00:00
9/23/21,1,11353.59,12155.43,2419.37,49.29,25977.68,00:00:00
9/23/21,2,10809.16,11400.28,2288.18,46.76,24544.38,01:00:00
9/23/21,3,10488.59,10879.24,2210.18,45.05,23623.06,02:00:00
9/23/21,4,10375.21,10581,2294.32,44.8,23295.34,03:00:00
9/23/21,5,10424.4,10634.63,2122.84,45.95,23227.83,04:00:00
9/23/21,6,10883.78,11018.52,2212.42,49.1,24163.82,05:00:00
9/23/21,7,11749.29,11649.22,2371.48,53.45,25823.44,06:00:00
9/23/21,8,12264.91,11947.63,2463.61,53.89,26730.04,07:00:00
9/23/21,9,12227.62,12825.21,2555.28,54.88,27662.99,08:00:00
9/23/21,10,11931.62,13606.9,2506.06,57.41,28102,09:00:00
9/23/21,11,11849.36,14136.08,2479.86,63.11,28528.4,10:00:00
9/23/21,12,11867.19,14774.33,2502.83,69.35,29213.7,11:00:00
9/23/21,13,12315.35,15635.61,2544.16,76.09,30571.21,12:00:00
9/23/21,14,13086.23,16581.77,2655.86,82.75,32406.61,13:00:00
9/23/21,15,13985.65,17049.02,2820.11,89.41,33944.18,14:00:00
9/23/21,16,14993.3,17080.18,3024.42,93.98,35191.88,15:00:00
9/23/21,17,15903.32,16695.49,3283.13,96.53,35978.48,16:00:00
9/23/21,18,16498.93,16022.3,3385.04,95.84,36002.1,17:00:00
9/23/21,19,16506.56,15447.06,3184.85,90.31,35228.76,18:00:00
9/23/21,20,16100.44,15235.85,3123.24,83.61,34543.14,19:00:00
9/23/21,21,15344.16,14565.36,2981.43,75.84,32966.79,20:00:00
9/23/21,22,14381.01,13868,2819.23,68.95,31137.18,21:00:00
9/23/21,23,13297.16,12791.64,2594.24,62.47,28745.51,22:00:00
9/23/21,24,12268.83,11884.27,2354.87,55.72,26563.7,23:00:00
9/24/21,1,11532.86,11067.56,2234.33,51.23,24885.98,00:00:00
9/24/21,2,10959.13,10592.38,2126.45,48.18,23726.13,01:00:00
9/24/21,3,10640.06,10183.95,2040.6,46.05,22910.66,02:00:00
9/24/21,4,10460.09,10049.28,2000.27,45.21,22554.84,03:00:00
9/24/21,5,10483.92,10087.88,2018.1,45.42,22635.33,04:00:00
9/24/21,6,10956.6,10547.68,2107.55,48.22,23660.06,05:00:00
9/24/21,7,11847.4,11249.4,2281.38,50.91,25429.09,06:00:00
9/24/21,8,12467.49,11607.61,2385.92,50.26,26511.28,07:00:00
9/24/21,9,12577.37,12028.5,2384.47,52.35,27042.68,08:00:00
9/24/21,10,12480.16,12271.34,2281.3,54.38,27087.18,09:00:00
9/24/21,11,12353.1,12753.21,2604.25,59.1,27769.66,10:00:00
9/24/21,12,12451.95,13392.91,2283.35,65.51,28193.72,11:00:00
9/24/21,13,12876.04,14051.65,2278.27,74.09,29280.05,12:00:00
9/24/21,14,13571.57,14663.74,2488.91,82.13,30806.34,13:00:00
9/24/21,15,14231.85,15293.92,2757.29,88.57,32371.63,14:00:00
9/24/21,16,14973.88,15265.64,2870.84,92.38,33202.75,15:00:00
9/24/21,17,15557.48,15010.95,2718.19,93.66,33380.28,16:00:00
9/24/21,18,15891.03,14665.43,2590.45,92.3,33239.21,17:00:00
9/24/21,19,15622.43,14307.13,2654.85,86.01,32670.42,18:00:00
9/24/21,20,15201.4,14239.05,2670.87,78.9,32190.22,19:00:00
9/24/21,21,14489.64,13734.62,2621.95,71.59,30917.79,20:00:00
9/24/21,22,13731.58,13191.07,2537.07,65.56,29525.28,21:00:00
9/24/21,23,12732.41,12455,2376.81,59.8,27624.01,22:00:00
9/24/21,24,11814.93,11585.49,2220.54,54.42,25675.38,23:00:00
9/25/21,1,11182.39,10909.35,2124.18,49.42,24265.33,00:00:00
9/25/21,2,10617.82,10385.76,2051.58,46.14,23101.3,01:00:00
9/25/21,3,10239.46,10006.49,2111.85,43.97,22401.77,02:00:00
9/25/21,4,10010.33,9779.86,2044.39,42.98,21877.57,03:00:00
9/25/21,5,9983.44,9713.6,1944.28,43.3,21684.62,04:00:00
9/25/21,6,10284.91,9856.56,1949.68,44.7,22135.85,05:00:00
9/25/21,7,10636.02,10119.74,2004.76,46.54,22807.06,06:00:00
9/25/21,8,10838.02,10130.23,2047.72,46.77,23062.74,07:00:00
9/25/21,9,10942.02,10552.96,2122.37,48.77,23666.12,08:00:00
9/25/21,10,10836.31,10964.36,2061.33,51.32,23913.32,09:00:00
9/25/21,11,10575.86,11337.75,1967.15,55.62,23936.37,10:00:00
9/25/21,12,10396.27,11743.29,1876.32,62.5,24078.38,11:00:00
9/25/21,13,10547.23,12222.6,1893.23,70.41,24733.47,12:00:00
9/25/21,14,10930.36,12774.07,1974.59,78.76,25757.78,13:00:00
9/25/21,15,11586.32,13476.51,2022.41,84.89,27170.13,14:00:00
9/25/21,16,12255.89,13768.75,2183.31,90.24,28298.18,15:00:00
9/25/21,17,12981.3,13839.1,2369.54,92.8,29282.74,16:00:00
9/25/21,18,13519.87,13759.43,2497.42,91.74,29868.46,17:00:00
9/25/21,19,13635.82,13554.2,2581.59,86.57,29858.18,18:00:00
9/25/21,20,13487.57,13370.24,2653.9,80.74,29592.45,19:00:00
9/25/21,21,12965.99,12806.15,2572.72,71.08,28415.94,20:00:00
9/25/21,22,12416.27,12291.15,2491.28,67.15,27265.85,21:00:00
9/25/21,23,11712.97,11645.12,2376.84,62.12,25797.06,22:00:00
9/25/21,24,10969.39,10901.06,2236.52,57.18,24164.14,23:00:00
9/26/21,1,10442.08,10313.54,2161.7,53.38,22970.7,00:00:00
9/26/21,2,10027.16,9921.82,2024.44,50.26,22023.67,01:00:00
9/26/21,3,9694.98,9556.2,1968.41,47.46,21267.08,02:00:00
9/26/21,4,9496.33,9309.61,1897.04,46.57,20749.54,03:00:00
9/26/21,5,9412.77,9220.08,1856.39,46.21,20535.45,04:00:00
9/26/21,6,9582.22,9278.65,1931.61,47.07,20839.55,05:00:00
9/26/21,7,9847.34,9414.31,1945.15,48.41,21255.2,06:00:00
9/26/21,8,9892.65,9435.4,2011.95,48.17,21388.18,07:00:00
9/26/21,9,9920.08,9953.32,2120.56,52,22045.97,08:00:00
9/26/21,10,10030.73,10193.31,2141.56,56.85,22422.45,09:00:00
9/26/21,11,10073.76,10411.54,2247.42,63.45,22796.17,10:00:00
9/26/21,12,9793.93,10364.57,2240.46,70.42,22469.38,11:00:00
9/26/21,13,9435.55,10388.2,2271.38,78.02,22173.14,12:00:00
9/26/21,14,9348.53,10510.01,2274.02,84.21,22216.77,13:00:00
9/26/21,15,9681.37,10961.09,2252.41,90.08,22984.95,14:00:00
9/26/21,16,10433.79,11489.62,2132.42,94.11,24149.95,15:00:00
9/26/21,17,11276.02,11772.73,2252.4,96.13,25397.28,16:00:00
9/26/21,18,12114.6,12092.84,2375.23,95.53,26678.19,17:00:00
9/26/21,19,12568.1,12221.88,2479.44,90.42,27359.83,18:00:00
9/26/21,20,12768.42,12402.66,2530.08,84.07,27785.23,19:00:00
9/26/21,21,12389.01,12035.17,2460.82,75.79,26960.79,20:00:00
9/26/21,22,11911.52,11600.2,2365.26,67.41,25944.39,21:00:00
9/26/21,23,11132.98,10963.69,2211,60.54,24368.2,22:00:00
9/26/21,24,10429.87,10312.02,2063.21,54.87,22859.96,23:00:00
9/27/21,1,10035.35,9866.32,1993.38,51.41,21946.45,00:00:00
9/27/21,2,9724.53,9477.21,1937.55,48.56,21187.85,01:00:00
9/27/21,3,9473.33,9215.1,1896.65,46.04,20631.12,02:00:00
9/27/21,4,9459.19,9212.3,1854.22,45.37,20571.07,03:00:00
9/27/21,5,9597.5,9448.43,1877.55,46.52,20970,04:00:00
9/27/21,6,10107.88,10004.84,2052.54,49.51,22214.77,05:00:00
9/27/21,7,11054.84,10885.69,2166.83,52.79,24160.16,06:00:00
9/27/21,8,11811.58,11369.5,2309.36,53.54,25543.97,07:00:00
9/27/21,9,11863.18,11875.67,2451.77,55.01,26245.63,08:00:00
9/27/21,10,11640.14,12408.19,2618.25,58.39,26724.97,09:00:00
9/27/21,11,11446.42,12597.06,2644.7,63.55,26751.71,10:00:00
9/27/21,12,11494.08,12702.39,2468.39,69.49,26734.34,11:00:00
9/27/21,13,11252.2,12630.86,2476.57,76.71,26436.33,12:00:00
9/27/21,14,11182.31,12585.5,2427.85,83.44,26279.11,13:00:00
9/27/21,15,11461.86,12588.1,2387,88.58,26525.54,14:00:00
9/27/21,16,12000.34,12562.99,2362.26,91.49,27017.08,15:00:00
9/27/21,17,12695.49,12532.08,2371.84,91.4,27690.81,16:00:00
9/27/21,18,13357.19,12538.8,2472.97,88.28,28457.23,17:00:00
9/27/21,19,13682.93,12675.82,2576.54,83.92,29019.22,18:00:00
9/27/21,20,13825.96,12880.19,2609.85,79.87,29395.87,19:00:00
9/27/21,21,13419.26,12544.45,2520.67,73.19,28557.57,20:00:00
9/27/21,22,12846.56,12087.41,2395.4,66.51,27395.87,21:00:00
9/27/21,23,11882,11397.16,2224.89,60.37,25564.41,22:00:00
9/27/21,24,11050.16,10686.67,2056.19,54.79,23847.82,23:00:00
9/28/21,1,10585.11,10170.76,2027.92,51.26,22835.04,00:00:00
9/28/21,2,10164.87,9798.47,1914.94,48.28,21926.57,01:00:00
9/28/21,3,9914.88,9596.62,1866.46,47.11,21425.07,02:00:00
9/28/21,4,9807.16,9475.58,1834.41,46.89,21164.05,03:00:00
9/28/21,5,9954.85,9578.52,1865.76,47.77,21446.9,04:00:00
9/28/21,6,10427.65,10075.98,1969.5,50.57,22523.7,05:00:00
9/28/21,7,11372.32,10867.73,2151.68,54.2,24445.93,06:00:00
9/28/21,8,11961.05,11288.8,2259.93,53.9,25563.67,07:00:00
9/28/21,9,11990.54,11629.47,2461.53,53.95,26135.5,08:00:00
9/28/21,10,11706.5,12037.48,2543.94,55.46,26343.38,09:00:00
9/28/21,11,11014.71,12185.57,2589.74,58.81,25848.82,10:00:00
9/28/21,12,10716.8,12285.9,2531.97,62.74,25597.41,11:00:00
9/28/21,13,10478.54,12144.78,2261.64,67.22,24952.18,12:00:00
9/28/21,14,10489.18,12114.73,1992.17,70.01,24666.09,13:00:00
9/28/21,15,10661.18,12142.13,1894.57,72.61,24770.48,14:00:00
9/28/21,16,11164.94,12327.87,1983.2,75.15,25551.17,15:00:00
9/28/21,17,11869.98,12506.41,2255.7,75.67,26707.76,16:00:00
9/28/21,18,12564.16,12484.19,2463.2,75.21,27586.76,17:00:00
9/28/21,19,13029.54,12572.81,2608.95,73.31,28284.59,18:00:00
9/28/21,20,13246.02,12996.84,2677.7,70.2,28990.77,19:00:00
9/28/21,21,12870.28,12646.34,2598.44,64.38,28179.44,20:00:00
9/28/21,22,12323.59,12251.38,2454.07,58.28,27087.33,21:00:00
9/28/21,23,11591.53,11506.7,2384.34,52.79,25535.36,22:00:00
9/28/21,24,10796.55,10729.03,2194.95,47.9,23768.44,23:00:00
9/29/21,1,10283.36,10108.25,2029.35,45.14,22466.1,00:00:00
9/29/21,2,9957.59,9777.97,1936.25,43.12,21714.92,01:00:00
9/29/21,3,9741.44,9469.16,1874.11,42.02,21126.73,02:00:00
9/29/21,4,9612.54,9349.93,1832.89,41.9,20837.26,03:00:00
9/29/21,5,9704.7,9487.93,1860.44,43.19,21096.26,04:00:00
9/29/21,6,10239.48,9985.12,1953.8,47.02,22225.42,05:00:00
9/29/21,7,11175.08,10803.08,2151.03,51.67,24180.85,06:00:00
9/29/21,8,11665.6,11037.81,2248.39,52.26,25004.05,07:00:00
9/29/21,9,11394.38,11233.85,2193.59,49.71,24871.54,08:00:00
9/29/21,10,11328.19,11407.38,2159.82,45.33,24940.72,09:00:00
9/29/21,11,10938.21,11418.7,1942,45.11,24344.03,10:00:00
9/29/21,12,10775.58,11590.44,1845.7,47.15,24258.87,11:00:00
9/29/21,13,10783.01,11880.85,1853.1,51.36,24568.32,12:00:00
9/29/21,14,10793.28,12146.9,1843.01,54.7,24837.9,13:00:00
9/29/21,15,10892.72,12554.99,1928.58,57.88,25434.17,14:00:00
9/29/21,16,11457.86,12864.93,2172.55,61.3,26556.64,15:00:00
9/29/21,17,12043.97,12959.25,2351.07,63.98,27418.27,16:00:00
9/29/21,18,12657.87,12980.42,2525.91,64.86,28229.06,17:00:00
9/29/21,19,13148.65,13064.32,2658.2,64.97,28936.15,18:00:00
9/29/21,20,13328.18,13255.61,2737.7,63.81,29385.3,19:00:00
9/29/21,21,12918.5,12818.27,2641.74,59.42,28437.92,20:00:00
9/29/21,22,12370.27,12315.36,2557.01,54.37,27297.01,21:00:00
9/29/21,23,11502.76,11519.37,2373.45,48.71,25444.28,22:00:00
9/29/21,24,10693.32,10783.79,2209.13,44.97,23731.21,23:00:00
9/30/21,1,10162.64,10271.31,2037.65,43,22514.6,00:00:00
9/30/21,2,9802.66,9743.58,1939.15,41.8,21527.18,01:00:00
9/30/21,3,9576.99,9407,1874.02,41.15,20899.17,02:00:00
9/30/21,4,9522.99,9266.03,1840.34,41.74,20671.09,03:00:00
9/30/21,5,9636.61,9368.81,1852.42,43.34,20901.18,04:00:00
9/30/21,6,10148.68,9812.7,1954.78,46.94,21963.1,05:00:00
9/30/21,7,11047.11,10536.82,2103.88,52.28,23740.09,06:00:00
9/30/21,8,11743.1,10712.14,2155.85,51.82,24662.91,07:00:00
9/30/21,9,11770.22,11122.37,2203.86,50.18,25146.62,08:00:00
9/30/21,10,11419.07,11409.49,2052.46,48.95,24929.97,09:00:00
9/30/21,11,11049.62,11734.17,1961.6,48.45,24793.83,10:00:00
9/30/21,12,10958.73,12108.75,1856.9,48.33,24972.71,11:00:00
9/30/21,13,11241.09,12473.87,1878.16,50.64,25643.76,12:00:00
9/30/21,14,11899.79,13061.32,2050.24,54.24,27065.6,13:00:00
9/30/21,15,12600.75,13580.08,2169.42,58,28408.24,14:00:00
9/30/21,16,12895.72,14251.37,2398.83,62.6,29608.52,15:00:00
9/30/21,17,13179.63,14760.97,2631.88,65.66,30638.15,16:00:00
9/30/21,18,13961.52,14946.26,2835.51,66.72,31810,17:00:00
9/30/21,19,14239.11,14692.77,2905.92,66.67,31904.47,18:00:00
9/30/21,20,14127.85,14479.73,2898.96,64.45,31570.98,19:00:00
9/30/21,21,13554.67,13766.6,2763.9,58.87,30144.04,20:00:00
9/30/21,22,12922.34,13056.66,2598.71,54.3,28632,21:00:00
9/30/21,23,12021.66,12067.08,2382.38,49.58,26520.7,22:00:00
9/30/21,24,11175.27,11152.84,2174.08,45.93,24548.13,23:00:00